<?xml version="1.0" encoding="UTF-8"?>

<gmd:MD_Metadata xmlns:gco="http://www.isotc211.org/2005/gco" xmlns:gmd="http://www.isotc211.org/2005/gmd" xmlns:gml="http://www.opengis.net/gml" xmlns:gts="http://www.isotc211.org/2005/gts" xmlns:xlink="http://www.w3.org/1999/xlink" xmlns:xsi="http://www.w3.org/2001/XMLSchema-instance">
    <gmd:fileIdentifier>
        <gco:CharacterString>ESDIPUCADIZmapa_provincial</gco:CharacterString>
    </gmd:fileIdentifier>
    <gmd:language>
        <gmd:LanguageCode codeList="./resources/codeList.xml#LanguageCode" codeListValue="spa">spa</gmd:LanguageCode>
    </gmd:language>
    <gmd:characterSet gco:nilReason="inapplicable"/>
    <gmd:parentIdentifier gco:nilReason="inapplicable"/>
    <gmd:hierarchyLevel>
        <gmd:MD_ScopeCode codeList="./resources/codeList.xml#MD_ScopeCode" codeListValue="series">series</gmd:MD_ScopeCode>
    </gmd:hierarchyLevel>
    <gmd:hierarchyLevelName gco:nilReason="inapplicable"/>
    <gmd:contact>
        <gmd:CI_ResponsibleParty>
            <gmd:individualName gco:nilReason="inapplicable"/>
            <gmd:organisationName>
                <gco:CharacterString>Servicio de Medio Ambiente de la Diputación de Cádiz</gco:CharacterString>
            </gmd:organisationName>
            <gmd:positionName gco:nilReason="inapplicable"/>
            <gmd:contactInfo>
                <gmd:CI_Contact>
                    <gmd:phone>
                        <gmd:CI_Telephone>
                            <gmd:voice>
                                <gco:CharacterString>+34_956_221_118</gco:CharacterString>
                            </gmd:voice>
                        </gmd:CI_Telephone>
                    </gmd:phone>
                    <gmd:address>
                        <gmd:CI_Address>
                            <gmd:deliveryPoint>
                                <gco:CharacterString>Calle Campo del Sur, 28</gco:CharacterString>
                            </gmd:deliveryPoint>
                            <gmd:city>
                                <gco:CharacterString>Cádiz</gco:CharacterString>
                            </gmd:city>
                            <gmd:administrativeArea>
                                <gco:CharacterString>Andalucía</gco:CharacterString>
                            </gmd:administrativeArea>
                            <gmd:postalCode>
                                <gco:CharacterString>11071</gco:CharacterString>
                            </gmd:postalCode>
                            <gmd:country>
                                <gco:CharacterString>España</gco:CharacterString>
                            </gmd:country>
                            <gmd:electronicMailAddress>
                                <gco:CharacterString>medio.ambiente@dipucadiz.es</gco:CharacterString>
                            </gmd:electronicMailAddress>
                        </gmd:CI_Address>
                    </gmd:address>
                    <gmd:onlineResource>
                        <gmd:CI_OnlineResource>
                            <gmd:linkage>
                                <gmd:URL>http://www.dipucadiz.es/medio_ambiente</gmd:URL>
                            </gmd:linkage>
                        </gmd:CI_OnlineResource>
                    </gmd:onlineResource>
                    <gmd:hoursOfService>
                        <gco:CharacterString>De 8 a 15 h.</gco:CharacterString>
                    </gmd:hoursOfService>
                </gmd:CI_Contact>
            </gmd:contactInfo>
            <gmd:role>
                <gmd:CI_RoleCode codeList="./resources/codeList.xml#CI_RoleCode" codeListValue="custodian">custodian</gmd:CI_RoleCode>
            </gmd:role>
        </gmd:CI_ResponsibleParty>
    </gmd:contact>
    <gmd:dateStamp>
        <gco:Date>2007-01-01</gco:Date>
    </gmd:dateStamp>
    <gmd:metadataStandardName>
        <gco:CharacterString>ISO 19115</gco:CharacterString>
    </gmd:metadataStandardName>
    <gmd:metadataStandardVersion>
        <gco:CharacterString>ISO19115:2003/Cor 1 2006</gco:CharacterString>
    </gmd:metadataStandardVersion>
    <gmd:spatialRepresentationInfo>
        <gmd:MD_GridSpatialRepresentation>
            <gmd:numberOfDimensions>
                <gco:Integer>2</gco:Integer>
            </gmd:numberOfDimensions>
            <gmd:axisDimensionProperties>
                <gmd:MD_Dimension>
                    <gmd:dimensionName>
                        <gmd:MD_DimensionNameTypeCode codeList="./resources/codeList.xml#MD_DimensionNameTypeCode" codeListValue="row">row</gmd:MD_DimensionNameTypeCode>
                    </gmd:dimensionName>
                    <gmd:dimensionSize>
                        <gco:Integer>4351</gco:Integer>
                    </gmd:dimensionSize>
                    <gmd:resolution/>
                </gmd:MD_Dimension>
            </gmd:axisDimensionProperties>
            <gmd:axisDimensionProperties>
                <gmd:MD_Dimension>
                    <gmd:dimensionName>
                        <gmd:MD_DimensionNameTypeCode codeList="./resources/codeList.xml#MD_DimensionNameTypeCode" codeListValue="column">column</gmd:MD_DimensionNameTypeCode>
                    </gmd:dimensionName>
                    <gmd:dimensionSize>
                        <gco:Integer>3487</gco:Integer>
                    </gmd:dimensionSize>
                    <gmd:resolution/>
                </gmd:MD_Dimension>
            </gmd:axisDimensionProperties>
            <gmd:cellGeometry>
                <gmd:MD_CellGeometryCode codeList="./resources/codeList.xml#MD_CellGeometryCode" codeListValue=""/>
            </gmd:cellGeometry>
            <gmd:transformationParameterAvailability/>
        </gmd:MD_GridSpatialRepresentation>
    </gmd:spatialRepresentationInfo>
    <gmd:referenceSystemInfo>
        <gmd:MD_ReferenceSystem>
            <gmd:referenceSystemIdentifier>
                <gmd:RS_Identifier>
                    <gmd:code>
                        <gco:CharacterString>EPSG:25830</gco:CharacterString>
                    </gmd:code>
                </gmd:RS_Identifier>
            </gmd:referenceSystemIdentifier>
        </gmd:MD_ReferenceSystem>
    </gmd:referenceSystemInfo>
    <gmd:identificationInfo>
        <gmd:MD_DataIdentification>
            <gmd:citation>
                <gmd:CI_Citation>
                    <gmd:title>
                        <gco:CharacterString>Mapa Provincial de Cádiz 1:200.000</gco:CharacterString>
                    </gmd:title>
                    <gmd:date>
                        <gmd:CI_Date>
                            <gmd:date>
                                <gco:Date>2007-01-01</gco:Date>
                            </gmd:date>
                            <gmd:dateType>
                                <gmd:CI_DateTypeCode codeList="./resources/codeList.xml#CI_DateTypeCode" codeListValue="publication">publication</gmd:CI_DateTypeCode>
                            </gmd:dateType>
                        </gmd:CI_Date>
                    </gmd:date>
                    <gmd:identifier gco:nilReason="inapplicable"/>
                </gmd:CI_Citation>
            </gmd:citation>
            <gmd:abstract>
                <gco:CharacterString>Georreferenciado de la imagen Raster del Mapa Provincial de Cádiz, a escala 1:200.000 del año 2007. El mapa contiene información topográfica (núcleos de población, límites administrativos, vías de comunicación, hipsometría, etc.)</gco:CharacterString>
            </gmd:abstract>
            <gmd:pointOfContact>
                <gmd:CI_ResponsibleParty>
                    <gmd:individualName gco:nilReason="inapplicable"/>
                    <gmd:organisationName>
                        <gco:CharacterString>Servicio de Medio Ambiente de la Diputación de Cádiz</gco:CharacterString>
                    </gmd:organisationName>
                    <gmd:positionName gco:nilReason="inapplicable"/>
                    <gmd:contactInfo>
                        <gmd:CI_Contact>
                            <gmd:phone>
                                <gmd:CI_Telephone>
                                    <gmd:voice>
                                    <gco:CharacterString>+34_956_221_118</gco:CharacterString>
                                    </gmd:voice>
                                </gmd:CI_Telephone>
                            </gmd:phone>
                            <gmd:address>
                                <gmd:CI_Address>
                                    <gmd:deliveryPoint>
                                    <gco:CharacterString>Calle Campo del Sur, 28</gco:CharacterString>
                                    </gmd:deliveryPoint>
                                    <gmd:city>
                                    <gco:CharacterString>Cádiz</gco:CharacterString>
                                    </gmd:city>
                                    <gmd:administrativeArea>
                                    <gco:CharacterString>Andalucía</gco:CharacterString>
                                    </gmd:administrativeArea>
                                    <gmd:postalCode>
                                    <gco:CharacterString>11071</gco:CharacterString>
                                    </gmd:postalCode>
                                    <gmd:country>
                                    <gco:CharacterString>España</gco:CharacterString>
                                    </gmd:country>
                                    <gmd:electronicMailAddress>
                                    <gco:CharacterString>medio.ambiente@dipucadiz.es</gco:CharacterString>
                                    </gmd:electronicMailAddress>
                                </gmd:CI_Address>
                            </gmd:address>
                            <gmd:onlineResource>
                                <gmd:CI_OnlineResource>
                                    <gmd:linkage>
                                    <gmd:URL>http://www.dipucadiz.es/medio_ambiente</gmd:URL>
                                    </gmd:linkage>
                                </gmd:CI_OnlineResource>
                            </gmd:onlineResource>
                            <gmd:hoursOfService>
                                <gco:CharacterString>De 8 a 15 h.</gco:CharacterString>
                            </gmd:hoursOfService>
                        </gmd:CI_Contact>
                    </gmd:contactInfo>
                    <gmd:role>
                        <gmd:CI_RoleCode codeList="./resources/codeList.xml#CI_RoleCode" codeListValue="Punto de contacto">Punto de contacto</gmd:CI_RoleCode>
                    </gmd:role>
                </gmd:CI_ResponsibleParty>
            </gmd:pointOfContact>
            <gmd:descriptiveKeywords>
                <gmd:MD_Keywords>
                    <gmd:keyword>
                        <gco:CharacterString>Unidades administrativas</gco:CharacterString>
                    </gmd:keyword>
                    <gmd:type>
                        <gmd:MD_KeywordTypeCode codeList="./resources/codeList.xml#MD_KeywordTypeCode" codeListValue="theme">theme</gmd:MD_KeywordTypeCode>
                    </gmd:type>
                    <gmd:thesaurusName>
                        <gmd:CI_Citation>
                            <gmd:title>
                                <gco:CharacterString>GEMET - INSPIRE themes, version 1.0</gco:CharacterString>
                            </gmd:title>
                            <gmd:date>
                                <gmd:CI_Date>
                                    <gmd:date>
                                    <gco:Date>2008-06-01</gco:Date>
                                    </gmd:date>
                                    <gmd:dateType>
                                    <gmd:CI_DateTypeCode codeList="./resources/codeList.xml#CI_DateTypeCode" codeListValue="publication">publication</gmd:CI_DateTypeCode>
                                    </gmd:dateType>
                                </gmd:CI_Date>
                            </gmd:date>
                            <gmd:identifier gco:nilReason="inapplicable"/>
                        </gmd:CI_Citation>
                    </gmd:thesaurusName>
                </gmd:MD_Keywords>
            </gmd:descriptiveKeywords>
            <gmd:resourceSpecificUsage>
                <gmd:MD_Usage>
                    <gmd:specificUsage>
                        <gco:CharacterString>Se utiliza como cartografía base de la provincia de Cádiz</gco:CharacterString>
                    </gmd:specificUsage>
                    <gmd:userContactInfo>
                        <gmd:CI_ResponsibleParty>
                            <gmd:individualName gco:nilReason="inapplicable"/>
                            <gmd:organisationName>
                                <gco:CharacterString>Servicio de Medio Ambiente de la Diputación de Cádiz</gco:CharacterString>
                            </gmd:organisationName>
                            <gmd:positionName gco:nilReason="inapplicable"/>
                            <gmd:contactInfo>
                                <gmd:CI_Contact>
                                    <gmd:phone>
                                    <gmd:CI_Telephone>
                                    <gmd:voice>
                                    <gco:CharacterString>+34_956_221_118</gco:CharacterString>
                                    </gmd:voice>
                                    </gmd:CI_Telephone>
                                    </gmd:phone>
                                    <gmd:address>
                                    <gmd:CI_Address>
                                    <gmd:deliveryPoint>
                                    <gco:CharacterString>Calle Campo del Sur, 28</gco:CharacterString>
                                    </gmd:deliveryPoint>
                                    <gmd:city>
                                    <gco:CharacterString>Cádiz</gco:CharacterString>
                                    </gmd:city>
                                    <gmd:administrativeArea>
                                    <gco:CharacterString>Andalucía</gco:CharacterString>
                                    </gmd:administrativeArea>
                                    <gmd:postalCode>
                                    <gco:CharacterString>11071</gco:CharacterString>
                                    </gmd:postalCode>
                                    <gmd:country>
                                    <gco:CharacterString>España</gco:CharacterString>
                                    </gmd:country>
                                    <gmd:electronicMailAddress>
                                    <gco:CharacterString>medio.ambiente@dipucadiz.es</gco:CharacterString>
                                    </gmd:electronicMailAddress>
                                    </gmd:CI_Address>
                                    </gmd:address>
                                    <gmd:onlineResource>
                                    <gmd:CI_OnlineResource>
                                    <gmd:linkage>
                                    <gmd:URL>http://www.dipucadiz.es/medio_ambiente</gmd:URL>
                                    </gmd:linkage>
                                    </gmd:CI_OnlineResource>
                                    </gmd:onlineResource>
                                    <gmd:hoursOfService>
                                    <gco:CharacterString>De 8 a 15 h.</gco:CharacterString>
                                    </gmd:hoursOfService>
                                </gmd:CI_Contact>
                            </gmd:contactInfo>
                            <gmd:role>
                                <gmd:CI_RoleCode codeList="./resources/codeList.xml#CI_RoleCode" codeListValue="pointOfContact">pointOfContact</gmd:CI_RoleCode>
                            </gmd:role>
                        </gmd:CI_ResponsibleParty>
                    </gmd:userContactInfo>
                </gmd:MD_Usage>
            </gmd:resourceSpecificUsage>
            <gmd:resourceConstraints>
                <gmd:MD_Constraints>
                    <gmd:useLimitation>
                        <gco:CharacterString>No se aplican condiciones</gco:CharacterString>
                    </gmd:useLimitation>
                </gmd:MD_Constraints>
            </gmd:resourceConstraints>
            <gmd:spatialRepresentationType>
                <gmd:MD_SpatialRepresentationTypeCode codeList="./resources/codeList.xml#MD_SpatialRepresentationTypeCode" codeListValue="grid">grid</gmd:MD_SpatialRepresentationTypeCode>
            </gmd:spatialRepresentationType>
            <gmd:spatialResolution>
                <gmd:MD_Resolution>
                    <gmd:distance>
                        <gco:Distance>1.0</gco:Distance>
                    </gmd:distance>
                </gmd:MD_Resolution>
            </gmd:spatialResolution>
            <gmd:language>
                <gmd:LanguageCode codeList="./resources/codeList.xml#LanguageCode" codeListValue="spa">spa</gmd:LanguageCode>
            </gmd:language>
            <gmd:characterSet gco:nilReason="inapplicable"/>
            <gmd:topicCategory>
                <gmd:MD_TopicCategoryCode>imageryBaseMapsEarthCover</gmd:MD_TopicCategoryCode>
            </gmd:topicCategory>
            <gmd:extent>
                <gmd:EX_Extent>
                    <gmd:description gco:nilReason="inapplicable"/>
                    <gmd:geographicElement>
                        <gmd:EX_GeographicBoundingBox>
                            <gmd:westBoundLongitude>
                                <gco:Decimal>-6.5526724082092844270</gco:Decimal>
                            </gmd:westBoundLongitude>
                            <gmd:eastBoundLongitude>
                                <gco:Decimal>-4.9966699120394721945</gco:Decimal>
                            </gmd:eastBoundLongitude>
                            <gmd:southBoundLatitude>
                                <gco:Decimal>35.945865942319720432</gco:Decimal>
                            </gmd:southBoundLatitude>
                            <gmd:northBoundLatitude>
                                <gco:Decimal>37.225927109119517411</gco:Decimal>
                            </gmd:northBoundLatitude>
                        </gmd:EX_GeographicBoundingBox>
                    </gmd:geographicElement>
                    <gmd:temporalElement gco:nilReason="inapplicable"/>
                    <gmd:verticalElement gco:nilReason="inapplicable"/>
                </gmd:EX_Extent>
            </gmd:extent>
        </gmd:MD_DataIdentification>
    </gmd:identificationInfo>
    <gmd:distributionInfo>
        <gmd:MD_Distribution>
            <gmd:distributionFormat>
                <gmd:MD_Format>
                    <gmd:name>
                        <gco:CharacterString>TIFF</gco:CharacterString>
                    </gmd:name>
                    <gmd:version>
                        <gco:CharacterString>---</gco:CharacterString>
                    </gmd:version>
                </gmd:MD_Format>
            </gmd:distributionFormat>
            <gmd:transferOptions>
                <gmd:MD_DigitalTransferOptions>
                    <gmd:transferSize>
                        <gco:Real>56.8548383</gco:Real>
                    </gmd:transferSize>
                    <gmd:onLine>
                        <gmd:CI_OnlineResource>
                            <gmd:linkage>
                                <gmd:URL>http://www.dipucadiz.es/idecadiz/Mapa-provincial-de-Cadiz/</gmd:URL>
                            </gmd:linkage>
                        </gmd:CI_OnlineResource>
                    </gmd:onLine>
                </gmd:MD_DigitalTransferOptions>
            </gmd:transferOptions>
        </gmd:MD_Distribution>
    </gmd:distributionInfo>
    <gmd:dataQualityInfo>
        <gmd:DQ_DataQuality>
            <gmd:scope>
                <gmd:DQ_Scope>
                    <gmd:level>
                        <gmd:MD_ScopeCode codeList="./resources/codeList.xml#MD_ScopeCode" codeListValue="series">series</gmd:MD_ScopeCode>
                    </gmd:level>
                    <gmd:levelDescription gco:nilReason="inapplicable"/>
                </gmd:DQ_Scope>
            </gmd:scope>
            <gmd:report gco:nilReason="inapplicable"/>
            <gmd:lineage>
                <gmd:LI_Lineage>
                    <gmd:statement>
                        <gco:CharacterString>El Mapa Provincial de Cádiz a escala 1:200.000 se realizó para la publicación de un mapa en relieve de la provincia de Cádiz</gco:CharacterString>
                    </gmd:statement>
                    <gmd:processStep gco:nilReason="inapplicable"/>
                    <gmd:source gco:nilReason="inapplicable"/>
                </gmd:LI_Lineage>
            </gmd:lineage>
        </gmd:DQ_DataQuality>
    </gmd:dataQualityInfo>
    <gmd:applicationSchemaInfo>
        <gmd:MD_ApplicationSchemaInformation>
            <gmd:name/>
            <gmd:schemaLanguage/>
            <gmd:constraintLanguage/>
            <gmd:schemaAscii>
                <gco:CharacterString>&lt;?xml version = '1.0' encoding = 'ISO-8859-1'?&gt; &lt;eainfo&gt; &lt;/eainfo&gt;</gco:CharacterString>
            </gmd:schemaAscii>
        </gmd:MD_ApplicationSchemaInformation>
    </gmd:applicationSchemaInfo>
</gmd:MD_Metadata>
